{
  "composite_score": 0.23667649621680206,
  "organ_toxicity": {
    "cardiotoxicity": 0.5620524712786594,
    "hepatotoxicity": 0.5949664760290018
  },
  "neurotoxicity": 0.5251139631652011,
  "mitochondrial_toxicity": 0.010235122285095932,
  "tissue_accumulation": {
    "liver": "high",
    "brain": "moderate"
  },
  "morphological_cytotoxicity": 0.5091702889562523,
  "immunotoxicity": 0.6352246194940974,
  "structural_alerts": [],
  "structural_alert_count": 0,
  "carcinogenicity": {
    "prediction": 0,
    "probability": 0.59
  },
  "toxcast": {
    "prediction": 0,
    "probability": 0.9674320816993713
  },
  "ld50": 452.3435135170114,
  "flags": [
    "high tissue accumulation"
  ],
  "model_confidence": 0.2285489090314745,
  "module_confidence": {
    "carcinogenicity": 0.59,
    "toxcast": 0.9674320816993713,
    "organ_toxicity": 0.5,
    "neurotoxicity": 0.771193180722145,
    "mitochondrial_toxicity": 0.6326167902572123,
    "morphological_cytotoxicity": 0.9153399766144689,
    "immunotoxicity": 0.3753908081771209
  },
  "disagreements": []
}