{
  "composite_score": 0.44598764214376374,
  "organ_toxicity": {
    "cardiotoxicity": 0.20464588347891455,
    "hepatotoxicity": 0.3367060277142476
  },
  "neurotoxicity": 0.06472514485224645,
  "mitochondrial_toxicity": 0.7695174606823554,
  "tissue_accumulation": {
    "liver": "high",
    "brain": "high"
  },
  "morphological_cytotoxicity": 0.8528823353407673,
  "immunotoxicity": 0.9270198683480363,
  "structural_alerts": [
    "BRENK: BRENK_A"
  ],
  "structural_alert_count": 1,
  "carcinogenicity": {
    "prediction": 0,
    "probability": 0.77
  },
  "toxcast": {
    "prediction": 0,
    "probability": 0.9038476347923279
  },
  "ld50": 115.27526491761706,
  "flags": [
    "morphological concern",
    "high tissue accumulation",
    "structural alert present"
  ],
  "model_confidence": 0.7995089118515627
}